belirti,hastalik
tek taraflı baş ağrısı yaşıyorum,Migren
ışığa karşı hassasiyetim var,Migren
baş ağrısı ve mide bulantısı oluyor,Migren
migren atağı geçiriyorum,Migren
yüksek sesler beni rahatsız ediyor,Migren
baş ağrım zonkluyor,Migren
karanlık odada durmak istiyorum,Migren
şiddetli migren ağrım var,Migren
baş ağrısı günlerce sürüyor,Migren
migren hastalığım var,Migren
başım çok ağrıyor,Migren
başımın bir tarafı ağrıyor,Migren
gözümün arkası ağrıyor,Migren
ışık rahatsız ediyor,Migren
ses rahatsız ediyor,Migren
baş ağrısı midemi bulandırdı,Migren
migren atağı başladı,Migren
karanlıkta durmak istiyorum,Migren
ağrı kesici işe yaramıyor,Migren
baş ağrısı gittikçe artıyor,Migren
baş ağrısıyla uyandım,Migren
başım çatlayacak gibi,Migren
eğilince başım ağrıyor,Migren
başımı oynatınca ağrı artıyor,Migren
baş ağrısı yüzünden yatıyorum,Migren
başım zonklaya zonklaya ağrıyor,Migren
başım ağrıyınca halsiz oluyorum,Migren
baş ağrısı gözümü yoruyor,Migren
başım ağrıyor ve midem bulanıyor,Migren
baş ağrısı saatlerdir geçmedi,Migren
sabah baş ağrısıyla uyandım,Migren
akşamdan beri başım ağrıyor,Migren
baş ağrısı beni bitirdi,Migren
ışık görünce başım ağrıyor,Migren
gürültü olunca başım ağrıyor,Migren
migren yine başladı,Migren
migren ağrısı yaşıyorum,Migren
baş ağrısı gün boyu sürdü,Migren
migren atağım var,Migren
baş ağrısı şiddetlendi,Migren
başım ağrıyor ışık gözümü alıyor,Migren
başım ağrıyınca kusuyorum,Migren
baş ağrısı hareketle artıyor,Migren
başım ağrıyor ve ses rahatsız ediyor,Migren
baş ağrısı yüzünden iş yapamıyorum,Migren
baş ağrısı sabah başladı,Migren
baş ağrısı akşam arttı,Migren
migren belirtileri var,Migren
baş ağrısı geçmiyor,Migren
yüksek ateşim var,Grip
üşüyorum ve ateşim var,Grip
vücudum çok kırgın,Grip
başım ağrıyor ve ateşim var,Grip
şiddetli halsizlik var,Grip
boğazım çok ağrıyor,Grip
burun akıntısı var,Grip
grip belirtileri yaşıyorum,Grip
terleme ve ateş var,Grip
soğuk ter döküyorum,Grip
kas ağrıları başladı,Grip
ateşle birlikte halsizlik var,Grip
yüksek ateşle yatıyorum,Grip
üşüme ve titreme var,Grip
şiddetli baş ağrısı var,Grip
öksürük ve ateş var,Grip
ateşim var ve halsizim,Grip
grip beni yere serdi,Grip
vücut ağrıları çok fazla,Grip
ateşli hasta oldum,Grip
yüksek ateş yüzünden yatıyorum,Grip
kaslarım tutulmuş gibi,Grip
grip yüzünden iş yapamıyorum,Grip
üşüyorum ve titriyorum,Grip
şiddetli grip geçiriyorum,Grip
ateşle birlikte öksürük var,Grip
başım ağrıyor ve halsizim,Grip
yüksek ateş ve kırgınlık var,Grip
ateşim 39 dereceye çıktı,Grip
kaslarım çok ağrıyor,Grip
ateş ve titreme yaşıyorum,Grip
vücudum çok kırgın,Grip
üşüme ve ateş var,Grip
grip oldum çok halsizim,Grip
kas ağrısı ve yüksek ateşim var,Grip
ateşli hastalık geçiriyorum,Grip
titreme ile birlikte ateşim yükseldi,Grip
şiddetli grip geçiriyorum,Grip
ateşli bir hastalık geçiriyorum,Grip
grip gibi hissediyorum,Grip
ateşim var titriyorum,Grip
yüksek ateşle üşüyorum,Grip
grip belirtileri arttı,Grip
kaslarım çok ağrıyor,Grip
grip ağır geçiyor,Grip
yüksek ateşim var,Grip
ateş ve titreme yaşıyorum,Grip
kaslarım çok ağrıyor,Grip
yüksek ateşle birlikte halsizlik var,Grip
kas ağrısı ve ateş var,Grip
üşüme ve titreme yaşıyorum,Grip
ateşim 39 derece,Grip
boğaz ağrısı ve ateş var,Grip
tüm vücudum ağrıyor,Grip
grip oldum çok halsizim,Grip
ateşleniyorum ve terliyorum,Grip
kaslarımda şiddetli ağrı var,Grip
yorgunluk ve yüksek ateş hissediyorum,Grip
grip belirtileri yaşıyorum,Grip
ateşli hastalık geçiriyorum,Grip
kas ve eklem ağrıları var,Grip
titreme ile birlikte ateşim yükseldi,Grip
baş ağrısı ve yüksek ateş var,Grip
şiddetli grip geçiriyorum,Grip
göğsümde baskı var,Kalp hastalığı
nefes nefese kalıyorum,Kalp hastalığı
göğüs ağrısı sol koluma vuruyor,Kalp hastalığı
merdiven çıkınca nefesim kesiliyor,Kalp hastalığı
kalbim sıkışıyor gibi,Kalp hastalığı
kalp ağrısı hissediyorum,Kalp hastalığı
nefes darlığı yaşıyorum,Kalp hastalığı
göğsümde yanma var,Kalp hastalığı
yürürken göğsüm ağrıyor,Kalp hastalığı
göğüs ağrısı ile terleme var,Kalp hastalığı
kalbimde baskı hissediyorum,Kalp hastalığı
kalp çarpıntısı ve ağrı var,Kalp hastalığı
göğsümde ağırlık var,Kalp hastalığı
kalp rahatsızlığı hissediyorum,Kalp hastalığı
eforla göğsüm ağrıyor,Kalp hastalığı
kalbim çabuk yoruluyor,Kalp hastalığı
göğüs ağrısı sık oluyor,Kalp hastalığı
kalp ağrısı sol kola yayılıyor,Kalp hastalığı
kalbim hızlı atıyor,Kalp hastalığı
göğüs ağrısı beni korkutuyor,Kalp hastalığı
kalp çarpıntısı yaşıyorum,Kalp hastalığı
göğsüm ağrıyınca duruyorum,Kalp hastalığı
nefes almakta zorlanıyorum,Kalp hastalığı
kalbimde sorun var gibi,Kalp hastalığı
göğüs ağrısı ve nefes darlığı var,Kalp hastalığı
kalbim sıkışıyor hissi var,Kalp hastalığı
sol kolum ağrıyor,Kalp hastalığı
sol kolum uyuştu,Kalp hastalığı
nefes alırken göğüsüm ağrıyor,Kalp hastalığı
kalp ağrısı sıklaştı,Kalp hastalığı
göğsümde baskı artıyor,Kalp hastalığı
yürüyünce göğsüm ağrıyor,Kalp hastalığı
kalp rahatsızlığı şüphesi var,Kalp hastalığı
göğüs ağrısı beni zorluyor,Kalp hastalığı
kalbimde baskı oluyor,Kalp hastalığı
göğsümde sıkışma oluyor,Kalp hastalığı
kalp çarpıntısı başladı,Kalp hastalığı
kalp ağrısı yüzünden duramıyorum,Kalp hastalığı
kalbim ağrıyormuş gibi,Kalp hastalığı
göğsümde basınç var,Kalp hastalığı
kalp ağrısı hissi var,Kalp hastalığı
kalbimde ağrı var,Kalp hastalığı
kalp rahatsızlığı yaşıyorum,Kalp hastalığı
göğüs ağrısı kalpten gibi,Kalp hastalığı
sabahları tutukluk oluyor,Eklem iltihabı
eklemlerimde şişlik var,Eklem iltihabı
hareket edince eklem ağrısı artıyor,Eklem iltihabı
parmak eklemlerim ağrıyor,Eklem iltihabı
dizlerim tutulmuş gibi,Eklem iltihabı
eklem ağrısı var,Eklem iltihabı
eklemlerimde sertlik var,Eklem iltihabı
eklemlerimde kızarıklık var,Eklem iltihabı
eklem ağrıları başladı,Eklem iltihabı
dizlerimde şişme var,Eklem iltihabı
hareket etmek zor geliyor,Eklem iltihabı
eklem ağrısı sabah daha kötü,Eklem iltihabı
eklemlerimde hassasiyet var,Eklem iltihabı
eklem iltihabı var gibi,Eklem iltihabı
dizim şiş ve ağrıyor,Eklem iltihabı
eklem ağrısı artıyor,Eklem iltihabı
eklemlerim sıcak gibi,Eklem iltihabı
diz eklemimde ağrı var,Eklem iltihabı
eklem ağrısı geçmiyor,Eklem iltihabı
parmak eklemlerim tutuluyor,Eklem iltihabı
eklemlerimde ağrı ve şişlik var,Eklem iltihabı
hareket edince dizim acıyor,Eklem iltihabı
eklem ağrısı uzun süredir var,Eklem iltihabı
eklemlerim sabah sert oluyor,Eklem iltihabı
eklem iltihabı belirtileri var,Eklem iltihabı
eklemlerimde ağrı hissediyorum,Eklem iltihabı
eklem ağrısı hareketle artıyor,Eklem iltihabı
eklemlerimde şişme başladı,Eklem iltihabı
dizlerim ağrıyor ve şiş,Eklem iltihabı
eklemlerimde tutukluk var,Eklem iltihabı
eklem ağrısı yüzünden zor yürüyorum,Eklem iltihabı
eklem ağrısı beni rahatsız ediyor,Eklem iltihabı
eklemlerimde sertlik hissediyorum,Eklem iltihabı
eklem iltihabı sorunum var,Eklem iltihabı
dizlerimde ağrı başladı,Eklem iltihabı
eklemlerimde ağrı artıyor,Eklem iltihabı
eklem ağrısı dinlenince azalmıyor,Eklem iltihabı
eklem ağrısı kalıcı gibi,Eklem iltihabı
eklem ağrısı günlük hayatı zorluyor,Eklem iltihabı
eklem iltihabı nedeniyle ağrım var,Eklem iltihabı
eklem ağrısı uzun sürüyor,Eklem iltihabı
eklemlerimde baskı var,Eklem iltihabı
eklem ağrısı beni yordu,Eklem iltihabı
eklemlerimde sızı var,Eklem iltihabı
nefes almakta zorlanıyorum,Astım
nefes darlığı var,Astım
hırıltılı nefes alıyorum,Astım
astım krizi geçiriyorum,Astım
nefes alırken hırıltı var,Astım
gece nefesim daralıyor,Astım
nefes almak zor geliyor,Astım
astım belirtileri başladı,Astım
nefes alıp vermekte zorlanıyorum,Astım
göğsüm tıkanmış gibi,Astım
hırıltı sesi geliyor,Astım
astım atağı var,Astım
nefes darlığı sıklaştı,Astım
nefes alırken zorlanıyorum,Astım
öksürük krizleri oluyor,Astım
nefes darlığı yaşıyorum,Astım
astım sorunum var,Astım
nefes almak beni yoruyor,Astım
hırıltılı solunum var,Astım
gece öksürük artıyor,Astım
astım krizi başladı,Astım
nefes almakta güçlük var,Astım
göğsüm sıkışıyor gibi,Astım
nefes darlığı ile öksürük var,Astım
astım atağı geçiriyorum,Astım
nefesim tıkalı gibi,Astım
hırıltı ve nefes darlığı var,Astım
öksürük ve hırıltı var,Astım
nefes almak zorlaştı,Astım
astım belirtileri arttı,Astım
nefesim daralıyor ve öksürüyorum,Astım
nefes alırken hırıltı duyuyorum,Astım
astım krizi beni zorluyor,Astım
nefes alıp veremiyorum,Astım
astım yüzünden nefesim dar,Astım
öksürükle nefesim daralıyor,Astım
nefes almakta zorlanıyorum,Astım
nefes darlığı yaşıyorum,Astım
hırıltılı nefes alıyorum,Astım
astım krizi geçiriyorum,Astım
gece nefes darlığı oluyor,Astım
öksürük ve nefes darlığı var,Astım
spor yapınca nefesim kesiliyor,Astım
nefes alırken zorlanıyorum,Astım
göğsümde baskı hissi var,Astım
nefes almak zorlaştı,Astım
astım atağım var,Astım
kendimi mutsuz hissediyorum,Depresyon
hiçbir şeyden keyif almıyorum,Depresyon
hayata karşı isteksizim,Depresyon
çok uyumak istiyorum,Depresyon
iş yapmak istemiyorum,Depresyon
kendimi boş hissediyorum,Depresyon
moralim çok bozuk,Depresyon
sürekli ağlamak istiyorum,Depresyon
hayattan zevk almıyorum,Depresyon
kendimi değersiz hissediyorum,Depresyon
çok fazla yiyorum,Depresyon
sabahları yataktan kalkamıyorum,Depresyon
kendimi yalnız hissediyorum,Depresyon
hayat anlamsız geliyor,Depresyon
içimde sıkıntı var,Depresyon
kendime güvenim kalmadı,Depresyon
hiçbir şeye hevesim yok,Depresyon
ruhsal olarak çökmüş hissediyorum,Depresyon
kendimi bitkin hissediyorum,Depresyon
sürekli canım sıkkın,Depresyon
uykusuzluk ve halsizlik var,Depresyon
hayattan kopmuş gibiyim,Depresyon
kendimi boşlukta hissediyorum,Depresyon
içimde karamsarlık var,Depresyon
hiçbir şey yapmak istemiyorum,Depresyon
hayata karşı isteğim yok,Depresyon
ruhsal olarak yorgunum,Depresyon
kendimi umutsuz hissediyorum,Depresyon
sürekli moralim bozuk,Depresyon
yaşamak zor geliyor,Depresyon
kendimi çaresiz hissediyorum,Depresyon
ruh halim çok kötü,Depresyon
kendimi mutsuz hissediyorum,Depresyon
hiçbir şeyden keyif almıyorum,Depresyon
hayata karşı isteksizim,Depresyon
çok uyumak istiyorum,Depresyon
iş yapmak istemiyorum,Depresyon
kendimi boş hissediyorum,Depresyon
moralim çok bozuk,Depresyon
sürekli ağlamak istiyorum,Depresyon
hayattan zevk almıyorum,Depresyon
kendimi değersiz hissediyorum,Depresyon
çok fazla yiyorum,Depresyon
sabahları yataktan kalkamıyorum,Depresyon
kendimi yalnız hissediyorum,Depresyon
hayat anlamsız geliyor,Depresyon
içimde sıkıntı var,Depresyon
kendime güvenim kalmadı,Depresyon
hiçbir şeye hevesim yok,Depresyon
ruhsal olarak çökmüş hissediyorum,Depresyon
kendimi bitkin hissediyorum,Depresyon
sürekli canım sıkkın,Depresyon
uykusuzluk ve halsizlik var,Depresyon
hayattan kopmuş gibiyim,Depresyon
kendimi boşlukta hissediyorum,Depresyon
içimde karamsarlık var,Depresyon
hiçbir şey yapmak istemiyorum,Depresyon
hayata karşı isteğim yok,Depresyon
ruhsal olarak yorgunum,Depresyon
kendimi umutsuz hissediyorum,Depresyon
sürekli moralim bozuk,Depresyon
yaşamak zor geliyor,Depresyon
kendimi çaresiz hissediyorum,Depresyon
ruh halim çok kötü,Depresyon
burun tıkanıklığı var,Soğuk algınlığı
hafif ateşim var,Soğuk algınlığı
burun akıntısı var,Soğuk algınlığı
hafif halsizlik var,Soğuk algınlığı
hafif öksürük var,Soğuk algınlığı
soğuk algınlığı oldum,Soğuk algınlığı
boğazım tahriş olmuş,Soğuk algınlığı
nezle belirtileri var,Soğuk algınlığı
burun tıkanıklığı başladı,Soğuk algınlığı
boğaz ağrısı başladı,Soğuk algınlığı
hafif kırgınlık var,Soğuk algınlığı
grip gibi hissediyorum,Soğuk algınlığı
soğuktan hasta oldum,Soğuk algınlığı
burun doluluğu var,Soğuk algınlığı
nezle gibi hissediyorum,Soğuk algınlığı
burun tıkalı ve akıyor,Soğuk algınlığı
boğazım gıcık oluyor,Soğuk algınlığı
hafif ateşle üşüyorum,Soğuk algınlığı
burun ve boğaz dolu,Soğuk algınlığı
soğuk algınlığı belirtileri var,Soğuk algınlığı
burun tıkanıklığı ve akıntı var,Soğuk algınlığı
boğazım şiş gibi,Soğuk algınlığı
hapşırma krizleri var,Soğuk algınlığı
soğuk havada hasta oldum,Soğuk algınlığı
hafif ateş ve halsizlik var,Soğuk algınlığı
nezle oldum gibi hissediyorum,Soğuk algınlığı
boğazım tahriş oldu,Soğuk algınlığı
hapşırık ve burun akıntısı var,Soğuk algınlığı
soğuk çarpmış gibi hissediyorum,Soğuk algınlığı
baş ağrısı var,Hipertansiyon
nefes darlığı var,Hipertansiyon
kalbim hızlı atıyor,Hipertansiyon
başım ağrıyor ve dönüyor,Hipertansiyon
kalp çarpıntısı var,Hipertansiyon
kulak çınlaması başladı,Hipertansiyon
baş ağrısı enseden geliyor,Hipertansiyon
tansiyonum yüksek hissediyorum,Hipertansiyon
ense köküm ağrıyor,Hipertansiyon
tansiyon sorunum var,Hipertansiyon
yüksek tansiyon belirtileri var,Hipertansiyon
baş ağrısı ve bulantı var,Hipertansiyon
yüzüm ateş gibi,Hipertansiyon
başım ağrıyor ve kulaklarım çınlıyor,Hipertansiyon
gözlerim bulanık görüyor,Hipertansiyon
baş dönmesi yaşıyorum,Hipertansiyon
yüksek tansiyon hissi var,Hipertansiyon
ense ağrısı başladı,Hipertansiyon
kalp çarpıntısı hissediyorum,Hipertansiyon
başım ağrıyor tansiyonum çıktı,Hipertansiyon
başım dönüyor ve bulanık görüyorum,Hipertansiyon
tansiyon yüksekliği var,Hipertansiyon
ensem tutulmuş gibi,Hipertansiyon
baş ağrısı sürekli,Hipertansiyon
yüksek tansiyon sorunum var,Hipertansiyon
kalp hızlı atıyor,Hipertansiyon
başım ağrıyor gözlerim kararıyor,Hipertansiyon
kulak çınlaması devam ediyor,Hipertansiyon
baş ağrısı ensede yoğun,Hipertansiyon
tansiyonum yine yükseldi,Hipertansiyon
yüksek tansiyon yaşıyorum,Hipertansiyon
kan basıncım sürekli yüksek,Hipertansiyon
yüksek tansiyon hastasıyım,Hipertansiyon
tansiyonum 15 10 ölçüldü,Hipertansiyon
başım ağrıyor tansiyonum yükselmiş,Hipertansiyon
ensemde baskı hissediyorum,Hipertansiyon
kulaklarım çınlıyor tansiyonum var,Hipertansiyon
yüksek tansiyon nedeniyle baş dönmesi yaşıyorum,Hipertansiyon
kan basıncım kontrolsüz,Hipertansiyon
tansiyon ilacı kullanıyorum,Hipertansiyon
gözlerimde kararma oluyor tansiyonum yükselince,Hipertansiyon
baş ağrısı ve tansiyon yüksekliği var,Hipertansiyon
tansiyonum ani yükseliyor,Hipertansiyon
kan basıncı problemim var,Hipertansiyon
yüksek tansiyon nedeniyle halsizim,Hipertansiyon
tansiyonum sabahları çok yüksek,Hipertansiyon
tansiyon ölçümüm normal değil,Hipertansiyon
hipertansiyon teşhisi kondu,Hipertansiyon
yüksek tansiyon sorunum var,Hipertansiyon
baş dönmesi ve tansiyon yüksekliği,Hipertansiyon
ense ağrısı ve yüksek tansiyon,Hipertansiyon
tansiyon atağı geçirdim,Hipertansiyon
kan basıncım sınırın üstünde,Hipertansiyon
yüksek tansiyon şikayetim var,Hipertansiyon
tansiyonum 16 10 ölçüldü,Hipertansiyon
kan basıncım çok yüksek,Hipertansiyon
tansiyon ilacı kullanıyorum,Hipertansiyon
kan basıncım kontrolden çıktı,Hipertansiyon
tansiyon atağı geçirdim,Hipertansiyon
tansiyonum sürekli yüksek çıkıyor,Hipertansiyon
kan basıncı ölçümüm normal değil,Hipertansiyon
tansiyonum aniden yükseliyor,Hipertansiyon
ense ağrısı ve tansiyon yüksekliği var,Hipertansiyon
baş dönmesi ve yüksek tansiyon yaşıyorum,Hipertansiyon
tansiyon ilacım artık yetmiyor,Hipertansiyon
kan basıncım 15 9 ölçüldü,Hipertansiyon
tansiyonum kontrol altında değil,Hipertansiyon
hipertansiyon teşhisi kondu,Hipertansiyon
yüksek tansiyon sorunum var,Hipertansiyon
çok sık susuyorum,Diyabet
sürekli su içme ihtiyacı hissediyorum,Diyabet
kan şekerim yüksek çıktı,Diyabet
şeker hastalığım var,Diyabet
kan şekerim kontrolden çıktı,Diyabet
gece sık sık idrara çıkıyorum,Diyabet
ağız kuruluğu yaşıyorum,Diyabet
bulanık görmeye başladım,Diyabet
şeker ilacı kullanıyorum,Diyabet
diyabet teşhisi kondu,Diyabet
sık idrara çıkıyorum,Diyabet
kan şekerim yüksek,Diyabet
gözlerim bulanık görüyor,Diyabet
gece sık idrara kalkıyorum,Diyabet
çok su içiyorum,Diyabet
ağız kuruluğu yaşıyorum,Diyabet
şeker hastalığım var,Diyabet
kan şekeri yüksek çıktı,Diyabet
yemekten sonra halsizlik oluyor,Diyabet
tatlı isteğim arttı,Diyabet
idrara sık çıkıyorum,Diyabet
kan şekeri dengesiz,Diyabet
sürekli susama hissi var,Diyabet
çok su içme ihtiyacı duyuyorum,Diyabet
gece susayıp uyanıyorum,Diyabet
kan şekerim kontrolsüz,Diyabet
açlık hissim artıyor,Diyabet
çok yemek yiyorum,Diyabet
kilo kaybı yaşıyorum,Diyabet
gün boyu halsizim,Diyabet
kan şekerim yüksek hissediyorum,Diyabet
idrara çok çıkıyorum,Diyabet
şekerim düşüp çıkıyor,Diyabet
çok susuyorum ve idrara çıkıyorum,Diyabet
kan şekeri problemi var,Diyabet
şeker değerlerim yüksek,Diyabet
gözlerim net görmüyor,Diyabet
kan şekerim bozuk,Diyabet
şekerim düzenli değil,Diyabet
şeker hastalığı belirtileri var,Diyabet
yemekten sonra şekerim yükseliyor,Diyabet
gece idrara kalkıyorum,Diyabet
kan şekerim kontrolsüz çıktı,Diyabet
çok sık susuyorum,Diyabet
sürekli su içme ihtiyacı hissediyorum,Diyabet
aşırı susama var,Diyabet
sık idrara çıkıyorum,Diyabet
çok çabuk acıkıyorum,Diyabet
kan şekerim yüksek çıktı,Diyabet
şeker hastalığım var,Diyabet
kan şekerim dengesiz,Diyabet
ağız kuruluğu yaşıyorum,Diyabet
diyabet teşhisi kondu,Diyabet
kan şekerim düşüp yükseliyor,Diyabet
şeker ilacı kullanıyorum,Diyabet
yemekten sonra halsiz oluyorum,Diyabet
sürekli yorgun hissediyorum,Diyabet
gece sık sık idrara çıkıyorum,Diyabet
kan şekerim kontrolsüz,Diyabet
bulanık görmeye başladım şekerden,Diyabet
şekerim çok yüksek,Diyabet
mide ağrısı var,Gastrit
mide bulantısı yaşıyorum,Gastrit
yemekten sonra midem ağrıyor,Gastrit
mide rahatsızlığı hissediyorum,Gastrit
mide krampları oluyor,Gastrit
mide ağrısı başladı,Gastrit
mide yanması var,Gastrit
yemek yiyince midem ağrıyor,Gastrit
mide ağrısı geçmiyor,Gastrit
midemde yanma hissi var,Gastrit
mide problemleri yaşıyorum,Gastrit
mide ağrısı ve bulantı var,Gastrit
mide rahatsızlığı arttı,Gastrit
midem şiş gibi,Gastrit
yemekten sonra mide yanması oluyor,Gastrit
mide ağrısı yüzünden rahatsızım,Gastrit
mide bulantısı başladı,Gastrit
midem ağrıyınca iştahım kaçıyor,Gastrit
mide sorunları var,Gastrit
mide ağrısı sık oluyor,Gastrit
mide hassasiyeti var,Gastrit
midem yanıyor ve ağrıyor,Gastrit
yemek sonrası mide ağrısı var,Gastrit
mide ağrısı yüzünden huzursuzum,Gastrit
mide rahatsızlığı devam ediyor,Gastrit
midem ağrıyor ve bulanıyor,Gastrit
mide şikayetlerim var,Gastrit
mide ağrısı beni zorluyor,Gastrit
mide yanması arttı,Gastrit
midem çok hassas,Gastrit
yemek yedikten sonra midem bozuluyor,Gastrit
mide ağrısı uzun süredir var,Gastrit
mide rahatsızlığı hissi geçmiyor,Gastrit
midem ağrıyor ve şiş,Gastrit
mide bulantısı ve ağrı var,Gastrit
mide problemleri başladı,Gastrit
mide ağrısı beni rahatsız ediyor,Gastrit
midem yanıyor ve bulanıyor,Gastrit
yemekten sonra mide rahatsızlığı oluyor,Gastrit
mide ağrısı şiddetlendi,Gastrit
mide sorunum var,Gastrit
midem ağrıyor gastrit gibi,Gastrit
